{
 "1": {
  "name": "kwok",
  "x": 749.9999999999987,
  "y": 122.50000000000068,
  "dir": 0
 },
 "2": {
  "name": "lam",
  "x": 837.4166666666669,
  "y": 134.16666666666654,
  "dir": 0
 }
}