{
 "1": {
  "name": "kwok",
  "x": 555.8333333333339,
  "y": 558.3333333333344,
  "dir": 0
 },
 "2": {
  "name": "lam",
  "x": 1450,
  "y": 685,
  "dir": 0
 }
}