{
 "1": {
  "name": "kwok",
  "x": 88.33333333333323,
  "y": 685,
  "dir": 0
 },
 "2": {
  "name": "lam",
  "x": 1430.833333333335,
  "y": 685,
  "dir": 0
 }
}