{
 "kwok": {
  "x": 215.83333333333317,
  "y": 510.00000000000153,
  "dir": 0
 },
 "lam": {
  "x": 1450,
  "y": 685,
  "dir": 0
 }
}