{
 "kwok": {
  "x": 405.83333333333104,
  "y": 604.166666666663,
  "dir": 0
 },
 "lam": {
  "x": 1450,
  "y": 685,
  "dir": 0
 }
}