{
 "kwok": {
  "x": 398.33333333333434,
  "y": 395.0000000000006,
  "dir": 0
 },
 "lam": {
  "x": 737.583333333338,
  "y": 143.50000000000043,
  "dir": 3
 }
}