{
 "1": {
  "name": "lam",
  "x": 198.3333333333338,
  "y": 648.3333333333317,
  "dir": 0
 },
 "2": {
  "name": "kwok",
  "x": 1394.1666666666717,
  "y": 685,
  "dir": 0
 }
}