{
 "1": {
  "name": "kwok",
  "x": 759.1666666666652,
  "y": 68.33333333333395,
  "dir": 2
 },
 "2": {
  "name": "lam",
  "x": 1450,
  "y": 685,
  "dir": 0
 }
}